event_type,item,player_id,timestamp,processed_at,pipeline,run_date
kill,gold,110,1.773418936868271E9,2026-03-13T16:27:14.517Z,airflow_spark_demo,2026-03-13
kill,sword,679,1.7734189369737236E9,2026-03-13T16:27:14.517Z,airflow_spark_demo,2026-03-13
loot,gold,241,1.7734189369737904E9,2026-03-13T16:27:14.517Z,airflow_spark_demo,2026-03-13
kill,armor,406,1.7734189369738288E9,2026-03-13T16:27:14.517Z,airflow_spark_demo,2026-03-13
death,sword,2,1.7734189369738634E9,2026-03-13T16:27:14.517Z,airflow_spark_demo,2026-03-13
kill,gold,508,1.773418936973897E9,2026-03-13T16:27:14.517Z,airflow_spark_demo,2026-03-13
death,armor,328,1.7734189369739296E9,2026-03-13T16:27:14.517Z,airflow_spark_demo,2026-03-13
death,gold,386,1.773418936973962E9,2026-03-13T16:27:14.517Z,airflow_spark_demo,2026-03-13
death,sword,98,1.7734189369739935E9,2026-03-13T16:27:14.517Z,airflow_spark_demo,2026-03-13
death,gold,393,1.7734189369740248E9,2026-03-13T16:27:14.517Z,airflow_spark_demo,2026-03-13
death,armor,866,1.7734189369740648E9,2026-03-13T16:27:14.517Z,airflow_spark_demo,2026-03-13
kill,gold,862,1.7734189369741006E9,2026-03-13T16:27:14.517Z,airflow_spark_demo,2026-03-13
kill,armor,402,1.7734189369741323E9,2026-03-13T16:27:14.517Z,airflow_spark_demo,2026-03-13
kill,gold,168,1.7734189369741633E9,2026-03-13T16:27:14.517Z,airflow_spark_demo,2026-03-13
kill,sword,632,1.7734189369741943E9,2026-03-13T16:27:14.517Z,airflow_spark_demo,2026-03-13
loot,sword,92,1.773418936974226E9,2026-03-13T16:27:14.517Z,airflow_spark_demo,2026-03-13
loot,sword,820,1.7734189369742715E9,2026-03-13T16:27:14.517Z,airflow_spark_demo,2026-03-13
kill,armor,815,1.7734189369743137E9,2026-03-13T16:27:14.517Z,airflow_spark_demo,2026-03-13
kill,gold,883,1.7734189369743574E9,2026-03-13T16:27:14.517Z,airflow_spark_demo,2026-03-13
kill,gold,99,1.7734189369743905E9,2026-03-13T16:27:14.517Z,airflow_spark_demo,2026-03-13
death,gold,117,1.7734189369744234E9,2026-03-13T16:27:14.517Z,airflow_spark_demo,2026-03-13
loot,sword,483,1.7734189369744706E9,2026-03-13T16:27:14.517Z,airflow_spark_demo,2026-03-13
loot,sword,524,1.773418936974552E9,2026-03-13T16:27:14.517Z,airflow_spark_demo,2026-03-13
death,armor,128,1.7734189369745858E9,2026-03-13T16:27:14.517Z,airflow_spark_demo,2026-03-13
kill,armor,317,1.773418936974618E9,2026-03-13T16:27:14.517Z,airflow_spark_demo,2026-03-13
death,armor,856,1.773418936974653E9,2026-03-13T16:27:14.517Z,airflow_spark_demo,2026-03-13
death,armor,169,1.773418936974686E9,2026-03-13T16:27:14.517Z,airflow_spark_demo,2026-03-13
death,armor,187,1.7734189369747174E9,2026-03-13T16:27:14.517Z,airflow_spark_demo,2026-03-13
death,sword,492,1.7734189369747488E9,2026-03-13T16:27:14.517Z,airflow_spark_demo,2026-03-13
death,sword,727,1.7734189369747798E9,2026-03-13T16:27:14.517Z,airflow_spark_demo,2026-03-13
death,armor,490,1.7734189369748101E9,2026-03-13T16:27:14.517Z,airflow_spark_demo,2026-03-13
death,armor,8,1.7734189369748402E9,2026-03-13T16:27:14.517Z,airflow_spark_demo,2026-03-13
kill,sword,583,1.7734189369748707E9,2026-03-13T16:27:14.517Z,airflow_spark_demo,2026-03-13
kill,gold,683,1.7734189369749038E9,2026-03-13T16:27:14.517Z,airflow_spark_demo,2026-03-13
loot,armor,76,1.773418936974935E9,2026-03-13T16:27:14.517Z,airflow_spark_demo,2026-03-13
death,armor,917,1.7734189369749653E9,2026-03-13T16:27:14.517Z,airflow_spark_demo,2026-03-13
death,armor,460,1.7734189369749954E9,2026-03-13T16:27:14.517Z,airflow_spark_demo,2026-03-13
loot,armor,969,1.7734189369750261E9,2026-03-13T16:27:14.517Z,airflow_spark_demo,2026-03-13
loot,armor,160,1.7734189369750593E9,2026-03-13T16:27:14.517Z,airflow_spark_demo,2026-03-13
kill,sword,536,1.77341893697509E9,2026-03-13T16:27:14.517Z,airflow_spark_demo,2026-03-13
kill,gold,633,1.7734189369751208E9,2026-03-13T16:27:14.517Z,airflow_spark_demo,2026-03-13
death,gold,253,1.7734189369751508E9,2026-03-13T16:27:14.517Z,airflow_spark_demo,2026-03-13
death,sword,488,1.7734189369751813E9,2026-03-13T16:27:14.517Z,airflow_spark_demo,2026-03-13
kill,gold,95,1.7734189369752116E9,2026-03-13T16:27:14.517Z,airflow_spark_demo,2026-03-13
death,armor,311,1.7734189369752414E9,2026-03-13T16:27:14.517Z,airflow_spark_demo,2026-03-13
death,gold,247,1.7734189369752746E9,2026-03-13T16:27:14.517Z,airflow_spark_demo,2026-03-13
loot,gold,412,1.7734189369753215E9,2026-03-13T16:27:14.517Z,airflow_spark_demo,2026-03-13
kill,sword,235,1.7734189369753656E9,2026-03-13T16:27:14.517Z,airflow_spark_demo,2026-03-13
death,armor,230,1.7734189369753995E9,2026-03-13T16:27:14.517Z,airflow_spark_demo,2026-03-13
kill,armor,669,1.7734189369754398E9,2026-03-13T16:27:14.517Z,airflow_spark_demo,2026-03-13
death,armor,686,1.7734189369754772E9,2026-03-13T16:27:14.517Z,airflow_spark_demo,2026-03-13
kill,armor,51,1.7734189369755092E9,2026-03-13T16:27:14.517Z,airflow_spark_demo,2026-03-13
death,gold,321,1.7734189369755414E9,2026-03-13T16:27:14.517Z,airflow_spark_demo,2026-03-13
death,armor,896,1.7734189369755728E9,2026-03-13T16:27:14.517Z,airflow_spark_demo,2026-03-13
loot,sword,623,1.7734189369756038E9,2026-03-13T16:27:14.517Z,airflow_spark_demo,2026-03-13
kill,sword,132,1.773418936975635E9,2026-03-13T16:27:14.517Z,airflow_spark_demo,2026-03-13
death,sword,835,1.7734189369756668E9,2026-03-13T16:27:14.517Z,airflow_spark_demo,2026-03-13
kill,sword,510,1.7734189369757135E9,2026-03-13T16:27:14.517Z,airflow_spark_demo,2026-03-13
death,gold,841,1.7734189369757879E9,2026-03-13T16:27:14.517Z,airflow_spark_demo,2026-03-13
death,gold,598,1.7734189369758275E9,2026-03-13T16:27:14.517Z,airflow_spark_demo,2026-03-13
death,gold,193,1.7734189369758606E9,2026-03-13T16:27:14.517Z,airflow_spark_demo,2026-03-13
loot,gold,488,1.773418936975896E9,2026-03-13T16:27:14.517Z,airflow_spark_demo,2026-03-13
kill,armor,688,1.7734189369759283E9,2026-03-13T16:27:14.517Z,airflow_spark_demo,2026-03-13
kill,sword,361,1.7734189369759595E9,2026-03-13T16:27:14.517Z,airflow_spark_demo,2026-03-13
kill,armor,902,1.773418936975991E9,2026-03-13T16:27:14.517Z,airflow_spark_demo,2026-03-13
loot,armor,814,1.7734189369760249E9,2026-03-13T16:27:14.517Z,airflow_spark_demo,2026-03-13
kill,gold,59,1.7734189369760606E9,2026-03-13T16:27:14.517Z,airflow_spark_demo,2026-03-13
kill,gold,536,1.773418936976097E9,2026-03-13T16:27:14.517Z,airflow_spark_demo,2026-03-13
loot,armor,966,1.7734189369761333E9,2026-03-13T16:27:14.517Z,airflow_spark_demo,2026-03-13
death,gold,411,1.7734189369761689E9,2026-03-13T16:27:14.517Z,airflow_spark_demo,2026-03-13
loot,armor,414,1.7734189369762049E9,2026-03-13T16:27:14.517Z,airflow_spark_demo,2026-03-13
loot,sword,375,1.773418936976244E9,2026-03-13T16:27:14.517Z,airflow_spark_demo,2026-03-13
loot,gold,666,1.7734189369762821E9,2026-03-13T16:27:14.517Z,airflow_spark_demo,2026-03-13
loot,gold,936,1.773418936976319E9,2026-03-13T16:27:14.517Z,airflow_spark_demo,2026-03-13
loot,gold,545,1.7734189369763546E9,2026-03-13T16:27:14.517Z,airflow_spark_demo,2026-03-13
kill,armor,315,1.7734189369764094E9,2026-03-13T16:27:14.517Z,airflow_spark_demo,2026-03-13
kill,gold,194,1.773418936976452E9,2026-03-13T16:27:14.517Z,airflow_spark_demo,2026-03-13
loot,armor,304,1.7734189369764907E9,2026-03-13T16:27:14.517Z,airflow_spark_demo,2026-03-13
kill,gold,503,1.7734189369765387E9,2026-03-13T16:27:14.517Z,airflow_spark_demo,2026-03-13
loot,armor,647,1.7734189369765763E9,2026-03-13T16:27:14.517Z,airflow_spark_demo,2026-03-13
death,gold,828,1.7734189369766128E9,2026-03-13T16:27:14.517Z,airflow_spark_demo,2026-03-13
kill,armor,133,1.7734189369766498E9,2026-03-13T16:27:14.517Z,airflow_spark_demo,2026-03-13
death,gold,176,1.7734189369766905E9,2026-03-13T16:27:14.517Z,airflow_spark_demo,2026-03-13
kill,gold,772,1.7734189369767272E9,2026-03-13T16:27:14.517Z,airflow_spark_demo,2026-03-13
kill,gold,537,1.773418936976764E9,2026-03-13T16:27:14.517Z,airflow_spark_demo,2026-03-13
death,sword,510,1.7734189369768033E9,2026-03-13T16:27:14.517Z,airflow_spark_demo,2026-03-13
kill,armor,596,1.7734189369768772E9,2026-03-13T16:27:14.517Z,airflow_spark_demo,2026-03-13
death,gold,26,1.7734189369769187E9,2026-03-13T16:27:14.517Z,airflow_spark_demo,2026-03-13
kill,gold,994,1.773418936976973E9,2026-03-13T16:27:14.517Z,airflow_spark_demo,2026-03-13
kill,gold,763,1.7734189369770205E9,2026-03-13T16:27:14.517Z,airflow_spark_demo,2026-03-13
kill,armor,145,1.7734189369770627E9,2026-03-13T16:27:14.517Z,airflow_spark_demo,2026-03-13
kill,armor,666,1.7734189369771006E9,2026-03-13T16:27:14.517Z,airflow_spark_demo,2026-03-13
death,armor,65,1.7734189369771392E9,2026-03-13T16:27:14.517Z,airflow_spark_demo,2026-03-13
loot,armor,935,1.773418936977176E9,2026-03-13T16:27:14.517Z,airflow_spark_demo,2026-03-13
kill,sword,955,1.7734189369772134E9,2026-03-13T16:27:14.517Z,airflow_spark_demo,2026-03-13
loot,sword,336,1.7734189369772503E9,2026-03-13T16:27:14.517Z,airflow_spark_demo,2026-03-13
death,armor,788,1.7734189369772868E9,2026-03-13T16:27:14.517Z,airflow_spark_demo,2026-03-13
death,armor,850,1.773418936977323E9,2026-03-13T16:27:14.517Z,airflow_spark_demo,2026-03-13
kill,armor,874,1.7734189369773593E9,2026-03-13T16:27:14.517Z,airflow_spark_demo,2026-03-13
kill,gold,25,1.773418936977395E9,2026-03-13T16:27:14.517Z,airflow_spark_demo,2026-03-13
death,gold,465,1.7734189369774308E9,2026-03-13T16:27:14.517Z,airflow_spark_demo,2026-03-13
kill,sword,986,1.7734189369774668E9,2026-03-13T16:27:14.517Z,airflow_spark_demo,2026-03-13
loot,sword,974,1.7734189369775033E9,2026-03-13T16:27:14.517Z,airflow_spark_demo,2026-03-13
death,armor,203,1.7734189369775417E9,2026-03-13T16:27:14.517Z,airflow_spark_demo,2026-03-13
loot,gold,535,1.7734189369775782E9,2026-03-13T16:27:14.517Z,airflow_spark_demo,2026-03-13
loot,sword,132,1.7734189369776165E9,2026-03-13T16:27:14.517Z,airflow_spark_demo,2026-03-13
kill,armor,598,1.773418936977653E9,2026-03-13T16:27:14.517Z,airflow_spark_demo,2026-03-13
death,armor,596,1.7734189369776883E9,2026-03-13T16:27:14.517Z,airflow_spark_demo,2026-03-13
death,sword,979,1.773418936977726E9,2026-03-13T16:27:14.517Z,airflow_spark_demo,2026-03-13
kill,armor,362,1.7734189369777634E9,2026-03-13T16:27:14.517Z,airflow_spark_demo,2026-03-13
loot,sword,350,1.7734189369778016E9,2026-03-13T16:27:14.517Z,airflow_spark_demo,2026-03-13
kill,armor,56,1.7734189369778388E9,2026-03-13T16:27:14.517Z,airflow_spark_demo,2026-03-13
loot,armor,312,1.773418936977897E9,2026-03-13T16:27:14.517Z,airflow_spark_demo,2026-03-13
death,gold,650,1.7734189369779353E9,2026-03-13T16:27:14.517Z,airflow_spark_demo,2026-03-13
death,gold,75,1.7734189369779763E9,2026-03-13T16:27:14.517Z,airflow_spark_demo,2026-03-13
death,sword,746,1.7734189369780145E9,2026-03-13T16:27:14.517Z,airflow_spark_demo,2026-03-13
loot,armor,54,1.7734189369780514E9,2026-03-13T16:27:14.517Z,airflow_spark_demo,2026-03-13
loot,gold,44,1.7734189369780946E9,2026-03-13T16:27:14.517Z,airflow_spark_demo,2026-03-13
loot,gold,143,1.7734189369781327E9,2026-03-13T16:27:14.517Z,airflow_spark_demo,2026-03-13
death,sword,320,1.7734189369781692E9,2026-03-13T16:27:14.517Z,airflow_spark_demo,2026-03-13
kill,armor,33,1.7734189369782155E9,2026-03-13T16:27:14.517Z,airflow_spark_demo,2026-03-13
kill,sword,710,1.7734189369782534E9,2026-03-13T16:27:14.517Z,airflow_spark_demo,2026-03-13
loot,armor,185,1.7734189369782903E9,2026-03-13T16:27:14.517Z,airflow_spark_demo,2026-03-13
loot,sword,669,1.7734189369783278E9,2026-03-13T16:27:14.517Z,airflow_spark_demo,2026-03-13
kill,armor,508,1.7734189369783678E9,2026-03-13T16:27:14.517Z,airflow_spark_demo,2026-03-13
loot,gold,763,1.7734189369784045E9,2026-03-13T16:27:14.517Z,airflow_spark_demo,2026-03-13
kill,sword,566,1.773418936978442E9,2026-03-13T16:27:14.517Z,airflow_spark_demo,2026-03-13
death,gold,481,1.773418936978556E9,2026-03-13T16:27:14.517Z,airflow_spark_demo,2026-03-13
death,armor,505,1.7734189369786162E9,2026-03-13T16:27:14.517Z,airflow_spark_demo,2026-03-13
loot,sword,446,1.7734189369786596E9,2026-03-13T16:27:14.517Z,airflow_spark_demo,2026-03-13
death,armor,247,1.773418936978699E9,2026-03-13T16:27:14.517Z,airflow_spark_demo,2026-03-13
death,armor,304,1.7734189369787374E9,2026-03-13T16:27:14.517Z,airflow_spark_demo,2026-03-13
kill,sword,272,1.7734189369787762E9,2026-03-13T16:27:14.517Z,airflow_spark_demo,2026-03-13
kill,gold,946,1.7734189369788203E9,2026-03-13T16:27:14.517Z,airflow_spark_demo,2026-03-13
kill,gold,620,1.7734189369788592E9,2026-03-13T16:27:14.517Z,airflow_spark_demo,2026-03-13
death,armor,518,1.7734189369789047E9,2026-03-13T16:27:14.517Z,airflow_spark_demo,2026-03-13
loot,sword,815,1.7734189369792395E9,2026-03-13T16:27:14.517Z,airflow_spark_demo,2026-03-13
kill,sword,617,1.7734189368686094E9,2026-03-13T16:27:14.517Z,airflow_spark_demo,2026-03-13
death,sword,977,1.7734189369738047E9,2026-03-13T16:27:14.517Z,airflow_spark_demo,2026-03-13
loot,armor,184,1.7734189369738688E9,2026-03-13T16:27:14.517Z,airflow_spark_demo,2026-03-13
death,armor,155,1.7734189369739072E9,2026-03-13T16:27:14.517Z,airflow_spark_demo,2026-03-13
death,armor,933,1.7734189369739416E9,2026-03-13T16:27:14.517Z,airflow_spark_demo,2026-03-13
loot,gold,211,1.7734189369739792E9,2026-03-13T16:27:14.517Z,airflow_spark_demo,2026-03-13
loot,armor,129,1.7734189369740129E9,2026-03-13T16:27:14.517Z,airflow_spark_demo,2026-03-13
death,armor,29,1.7734189369740455E9,2026-03-13T16:27:14.517Z,airflow_spark_demo,2026-03-13
loot,sword,580,1.7734189369740772E9,2026-03-13T16:27:14.517Z,airflow_spark_demo,2026-03-13
loot,sword,245,1.7734189369741101E9,2026-03-13T16:27:14.517Z,airflow_spark_demo,2026-03-13
loot,armor,421,1.7734189369741423E9,2026-03-13T16:27:14.517Z,airflow_spark_demo,2026-03-13
loot,sword,571,1.773418936974173E9,2026-03-13T16:27:14.517Z,airflow_spark_demo,2026-03-13
death,armor,322,1.7734189369742036E9,2026-03-13T16:27:14.517Z,airflow_spark_demo,2026-03-13
kill,sword,548,1.773418936974234E9,2026-03-13T16:27:14.517Z,airflow_spark_demo,2026-03-13
kill,armor,623,1.7734189369742649E9,2026-03-13T16:27:14.517Z,airflow_spark_demo,2026-03-13
loot,armor,935,1.7734189369742951E9,2026-03-13T16:27:14.517Z,airflow_spark_demo,2026-03-13
death,sword,909,1.7734189369743254E9,2026-03-13T16:27:14.517Z,airflow_spark_demo,2026-03-13
kill,sword,651,1.773418936974356E9,2026-03-13T16:27:14.517Z,airflow_spark_demo,2026-03-13
kill,armor,809,1.773418936974387E9,2026-03-13T16:27:14.517Z,airflow_spark_demo,2026-03-13
kill,gold,351,1.773418936974418E9,2026-03-13T16:27:14.517Z,airflow_spark_demo,2026-03-13
loot,gold,645,1.7734189369744537E9,2026-03-13T16:27:14.517Z,airflow_spark_demo,2026-03-13
loot,armor,718,1.7734189369744866E9,2026-03-13T16:27:14.517Z,airflow_spark_demo,2026-03-13
kill,gold,57,1.7734189369745657E9,2026-03-13T16:27:14.517Z,airflow_spark_demo,2026-03-13
loot,sword,629,1.7734189369746008E9,2026-03-13T16:27:14.517Z,airflow_spark_demo,2026-03-13
kill,sword,688,1.773418936974633E9,2026-03-13T16:27:14.517Z,airflow_spark_demo,2026-03-13
kill,armor,742,1.773418936974665E9,2026-03-13T16:27:14.517Z,airflow_spark_demo,2026-03-13
kill,sword,128,1.773418936974696E9,2026-03-13T16:27:14.517Z,airflow_spark_demo,2026-03-13
loot,sword,23,1.7734189369747267E9,2026-03-13T16:27:14.517Z,airflow_spark_demo,2026-03-13
kill,armor,522,1.773418936974758E9,2026-03-13T16:27:14.517Z,airflow_spark_demo,2026-03-13
death,armor,970,1.7734189369747884E9,2026-03-13T16:27:14.517Z,airflow_spark_demo,2026-03-13
death,armor,12,1.7734189369748194E9,2026-03-13T16:27:14.517Z,airflow_spark_demo,2026-03-13
loot,sword,297,1.7734189369748528E9,2026-03-13T16:27:14.517Z,airflow_spark_demo,2026-03-13
death,sword,821,1.7734189369748843E9,2026-03-13T16:27:14.517Z,airflow_spark_demo,2026-03-13
kill,sword,932,1.7734189369749274E9,2026-03-13T16:27:14.517Z,airflow_spark_demo,2026-03-13
kill,armor,702,1.7734189369749594E9,2026-03-13T16:27:14.517Z,airflow_spark_demo,2026-03-13
death,sword,961,1.773418936974991E9,2026-03-13T16:27:14.517Z,airflow_spark_demo,2026-03-13
kill,armor,795,1.773418936975022E9,2026-03-13T16:27:14.517Z,airflow_spark_demo,2026-03-13
death,sword,688,1.7734189369750528E9,2026-03-13T16:27:14.517Z,airflow_spark_demo,2026-03-13
kill,sword,20,1.7734189369750826E9,2026-03-13T16:27:14.517Z,airflow_spark_demo,2026-03-13
kill,gold,290,1.7734189369751134E9,2026-03-13T16:27:14.517Z,airflow_spark_demo,2026-03-13
kill,gold,649,1.7734189369751441E9,2026-03-13T16:27:14.517Z,airflow_spark_demo,2026-03-13
loot,armor,665,1.773418936975177E9,2026-03-13T16:27:14.517Z,airflow_spark_demo,2026-03-13
loot,sword,33,1.7734189369752307E9,2026-03-13T16:27:14.517Z,airflow_spark_demo,2026-03-13
loot,gold,156,1.7734189369752665E9,2026-03-13T16:27:14.517Z,airflow_spark_demo,2026-03-13
death,armor,626,1.773418936975299E9,2026-03-13T16:27:14.517Z,airflow_spark_demo,2026-03-13
loot,gold,382,1.77341893697537E9,2026-03-13T16:27:14.517Z,airflow_spark_demo,2026-03-13
kill,armor,859,1.7734189369754083E9,2026-03-13T16:27:14.517Z,airflow_spark_demo,2026-03-13
loot,gold,582,1.7734189369754412E9,2026-03-13T16:27:14.517Z,airflow_spark_demo,2026-03-13
loot,sword,368,1.7734189369754734E9,2026-03-13T16:27:14.517Z,airflow_spark_demo,2026-03-13
kill,sword,179,1.7734189369755046E9,2026-03-13T16:27:14.517Z,airflow_spark_demo,2026-03-13
loot,sword,832,1.7734189369755354E9,2026-03-13T16:27:14.517Z,airflow_spark_demo,2026-03-13
loot,sword,234,1.7734189369755664E9,2026-03-13T16:27:14.517Z,airflow_spark_demo,2026-03-13
kill,armor,244,1.7734189369755974E9,2026-03-13T16:27:14.517Z,airflow_spark_demo,2026-03-13
loot,sword,370,1.7734189369756284E9,2026-03-13T16:27:14.517Z,airflow_spark_demo,2026-03-13
kill,armor,167,1.7734189369756596E9,2026-03-13T16:27:14.517Z,airflow_spark_demo,2026-03-13
loot,sword,409,1.7734189369756901E9,2026-03-13T16:27:14.517Z,airflow_spark_demo,2026-03-13
loot,sword,336,1.773418936975721E9,2026-03-13T16:27:14.517Z,airflow_spark_demo,2026-03-13
death,armor,505,1.7734189369757986E9,2026-03-13T16:27:14.517Z,airflow_spark_demo,2026-03-13
kill,sword,850,1.773418936975842E9,2026-03-13T16:27:14.517Z,airflow_spark_demo,2026-03-13
death,gold,676,1.773418936975887E9,2026-03-13T16:27:14.517Z,airflow_spark_demo,2026-03-13
kill,sword,853,1.7734189369759226E9,2026-03-13T16:27:14.517Z,airflow_spark_demo,2026-03-13
death,armor,262,1.7734189369759557E9,2026-03-13T16:27:14.517Z,airflow_spark_demo,2026-03-13
loot,armor,69,1.7734189369759877E9,2026-03-13T16:27:14.517Z,airflow_spark_demo,2026-03-13
loot,gold,842,1.7734189369760208E9,2026-03-13T16:27:14.517Z,airflow_spark_demo,2026-03-13
kill,armor,220,1.7734189369760563E9,2026-03-13T16:27:14.517Z,airflow_spark_demo,2026-03-13
loot,sword,696,1.773418936976092E9,2026-03-13T16:27:14.517Z,airflow_spark_demo,2026-03-13
death,armor,467,1.773418936976128E9,2026-03-13T16:27:14.517Z,airflow_spark_demo,2026-03-13
kill,armor,218,1.773418936976168E9,2026-03-13T16:27:14.517Z,airflow_spark_demo,2026-03-13
loot,armor,504,1.7734189369762044E9,2026-03-13T16:27:14.517Z,airflow_spark_demo,2026-03-13
kill,armor,223,1.773418936976241E9,2026-03-13T16:27:14.517Z,airflow_spark_demo,2026-03-13
kill,sword,593,1.7734189369762769E9,2026-03-13T16:27:14.517Z,airflow_spark_demo,2026-03-13
death,sword,919,1.7734189369763122E9,2026-03-13T16:27:14.517Z,airflow_spark_demo,2026-03-13
death,armor,500,1.773418936976348E9,2026-03-13T16:27:14.517Z,airflow_spark_demo,2026-03-13
kill,gold,988,1.773418936976393E9,2026-03-13T16:27:14.517Z,airflow_spark_demo,2026-03-13
loot,armor,275,1.7734189369764316E9,2026-03-13T16:27:14.517Z,airflow_spark_demo,2026-03-13
loot,gold,767,1.7734189369764664E9,2026-03-13T16:27:14.517Z,airflow_spark_demo,2026-03-13
kill,armor,45,1.7734189369765017E9,2026-03-13T16:27:14.517Z,airflow_spark_demo,2026-03-13
kill,armor,53,1.7734189369765382E9,2026-03-13T16:27:14.517Z,airflow_spark_demo,2026-03-13
kill,gold,682,1.773418936976576E9,2026-03-13T16:27:14.517Z,airflow_spark_demo,2026-03-13
loot,sword,332,1.7734189369766119E9,2026-03-13T16:27:14.517Z,airflow_spark_demo,2026-03-13
kill,sword,274,1.7734189369766467E9,2026-03-13T16:27:14.517Z,airflow_spark_demo,2026-03-13
death,sword,197,1.7734189369766886E9,2026-03-13T16:27:14.517Z,airflow_spark_demo,2026-03-13
kill,gold,43,1.7734189369767258E9,2026-03-13T16:27:14.517Z,airflow_spark_demo,2026-03-13
kill,armor,863,1.7734189369767618E9,2026-03-13T16:27:14.517Z,airflow_spark_demo,2026-03-13
loot,sword,357,1.7734189369768004E9,2026-03-13T16:27:14.517Z,airflow_spark_demo,2026-03-13
kill,gold,9,1.7734189369768357E9,2026-03-13T16:27:14.517Z,airflow_spark_demo,2026-03-13
loot,armor,180,1.7734189369768703E9,2026-03-13T16:27:14.517Z,airflow_spark_demo,2026-03-13
death,gold,824,1.7734189369770255E9,2026-03-13T16:27:14.517Z,airflow_spark_demo,2026-03-13
loot,armor,120,1.7734189369770675E9,2026-03-13T16:27:14.517Z,airflow_spark_demo,2026-03-13
death,gold,585,1.7734189369771063E9,2026-03-13T16:27:14.517Z,airflow_spark_demo,2026-03-13
kill,gold,489,1.7734189369771428E9,2026-03-13T16:27:14.517Z,airflow_spark_demo,2026-03-13
loot,sword,181,1.77341893697718E9,2026-03-13T16:27:14.517Z,airflow_spark_demo,2026-03-13
loot,gold,428,1.7734189369772377E9,2026-03-13T16:27:14.517Z,airflow_spark_demo,2026-03-13
loot,sword,608,1.7734189369772806E9,2026-03-13T16:27:14.517Z,airflow_spark_demo,2026-03-13
death,armor,737,1.7734189369773364E9,2026-03-13T16:27:14.517Z,airflow_spark_demo,2026-03-13
death,armor,70,1.7734189369773753E9,2026-03-13T16:27:14.517Z,airflow_spark_demo,2026-03-13
death,sword,673,1.773418936977412E9,2026-03-13T16:27:14.517Z,airflow_spark_demo,2026-03-13
death,armor,231,1.773418936977448E9,2026-03-13T16:27:14.517Z,airflow_spark_demo,2026-03-13
loot,gold,448,1.7734189369774837E9,2026-03-13T16:27:14.517Z,airflow_spark_demo,2026-03-13
kill,armor,812,1.773418936977523E9,2026-03-13T16:27:14.517Z,airflow_spark_demo,2026-03-13
loot,gold,492,1.773418936977559E9,2026-03-13T16:27:14.517Z,airflow_spark_demo,2026-03-13
death,sword,254,1.773418936977595E9,2026-03-13T16:27:14.517Z,airflow_spark_demo,2026-03-13
loot,armor,419,1.7734189369776301E9,2026-03-13T16:27:14.517Z,airflow_spark_demo,2026-03-13
kill,sword,719,1.7734189369778063E9,2026-03-13T16:27:14.517Z,airflow_spark_demo,2026-03-13
loot,sword,473,1.7734189369778464E9,2026-03-13T16:27:14.517Z,airflow_spark_demo,2026-03-13
death,armor,114,1.7734189369778857E9,2026-03-13T16:27:14.517Z,airflow_spark_demo,2026-03-13
death,sword,346,1.7734189369779239E9,2026-03-13T16:27:14.517Z,airflow_spark_demo,2026-03-13
kill,armor,361,1.773418936977964E9,2026-03-13T16:27:14.517Z,airflow_spark_demo,2026-03-13
kill,gold,250,1.7734189369780028E9,2026-03-13T16:27:14.517Z,airflow_spark_demo,2026-03-13
loot,gold,367,1.7734189369780412E9,2026-03-13T16:27:14.517Z,airflow_spark_demo,2026-03-13
kill,sword,168,1.773418936978082E9,2026-03-13T16:27:14.517Z,airflow_spark_demo,2026-03-13
loot,armor,365,1.773418936978127E9,2026-03-13T16:27:14.517Z,airflow_spark_demo,2026-03-13
death,sword,66,1.773418936978189E9,2026-03-13T16:27:14.517Z,airflow_spark_demo,2026-03-13
loot,sword,138,1.7734189369782279E9,2026-03-13T16:27:14.517Z,airflow_spark_demo,2026-03-13
kill,armor,77,1.7734189369782655E9,2026-03-13T16:27:14.517Z,airflow_spark_demo,2026-03-13
kill,sword,893,1.7734189369783034E9,2026-03-13T16:27:14.517Z,airflow_spark_demo,2026-03-13
death,armor,724,1.773418936978341E9,2026-03-13T16:27:14.517Z,airflow_spark_demo,2026-03-13
loot,gold,844,1.773418936978382E9,2026-03-13T16:27:14.517Z,airflow_spark_demo,2026-03-13
loot,sword,797,1.7734189369784198E9,2026-03-13T16:27:14.517Z,airflow_spark_demo,2026-03-13
death,sword,148,1.773418936978457E9,2026-03-13T16:27:14.517Z,airflow_spark_demo,2026-03-13
loot,armor,968,1.773418936978514E9,2026-03-13T16:27:14.517Z,airflow_spark_demo,2026-03-13
kill,gold,600,1.773418936978568E9,2026-03-13T16:27:14.517Z,airflow_spark_demo,2026-03-13
kill,gold,814,1.773418936978621E9,2026-03-13T16:27:14.517Z,airflow_spark_demo,2026-03-13
death,sword,113,1.7734189369786603E9,2026-03-13T16:27:14.517Z,airflow_spark_demo,2026-03-13
kill,gold,169,1.773418936978698E9,2026-03-13T16:27:14.517Z,airflow_spark_demo,2026-03-13
loot,sword,287,1.7734189369787347E9,2026-03-13T16:27:14.517Z,airflow_spark_demo,2026-03-13
loot,armor,375,1.7734189369787722E9,2026-03-13T16:27:14.517Z,airflow_spark_demo,2026-03-13
loot,gold,914,1.77341893697881E9,2026-03-13T16:27:14.517Z,airflow_spark_demo,2026-03-13
loot,gold,489,1.7734189369788477E9,2026-03-13T16:27:14.517Z,airflow_spark_demo,2026-03-13
death,sword,176,1.7734189369789758E9,2026-03-13T16:27:14.517Z,airflow_spark_demo,2026-03-13
kill,gold,366,1.7734189369792545E9,2026-03-13T16:27:14.517Z,airflow_spark_demo,2026-03-13
kill,gold,249,1.7734189369822297E9,2026-03-13T16:27:14.517Z,airflow_spark_demo,2026-03-13
kill,gold,159,1.7734189369822962E9,2026-03-13T16:27:14.517Z,airflow_spark_demo,2026-03-13
loot,armor,286,1.7734189369823334E9,2026-03-13T16:27:14.517Z,airflow_spark_demo,2026-03-13
loot,sword,122,1.773418936982364E9,2026-03-13T16:27:14.517Z,airflow_spark_demo,2026-03-13
death,armor,100,1.7734189369823937E9,2026-03-13T16:27:14.517Z,airflow_spark_demo,2026-03-13
kill,armor,235,1.7734189369824224E9,2026-03-13T16:27:14.517Z,airflow_spark_demo,2026-03-13
death,sword,86,1.7734189369824502E9,2026-03-13T16:27:14.517Z,airflow_spark_demo,2026-03-13
kill,sword,850,1.7734189369824786E9,2026-03-13T16:27:14.517Z,airflow_spark_demo,2026-03-13
kill,armor,195,1.7734189369825075E9,2026-03-13T16:27:14.517Z,airflow_spark_demo,2026-03-13
loot,armor,105,1.773418936982536E9,2026-03-13T16:27:14.517Z,airflow_spark_demo,2026-03-13
kill,sword,687,1.77341893698258E9,2026-03-13T16:27:14.517Z,airflow_spark_demo,2026-03-13
kill,sword,502,1.773418936982617E9,2026-03-13T16:27:14.517Z,airflow_spark_demo,2026-03-13
kill,sword,740,1.773418936982645E9,2026-03-13T16:27:14.517Z,airflow_spark_demo,2026-03-13
kill,gold,692,1.7734189369826744E9,2026-03-13T16:27:14.517Z,airflow_spark_demo,2026-03-13
death,sword,43,1.7734189369827032E9,2026-03-13T16:27:14.517Z,airflow_spark_demo,2026-03-13
kill,sword,539,1.7734189369827309E9,2026-03-13T16:27:14.517Z,airflow_spark_demo,2026-03-13
loot,sword,525,1.77341893698276E9,2026-03-13T16:27:14.517Z,airflow_spark_demo,2026-03-13
loot,sword,371,1.7734189369827874E9,2026-03-13T16:27:14.517Z,airflow_spark_demo,2026-03-13
death,gold,95,1.7734189369828186E9,2026-03-13T16:27:14.517Z,airflow_spark_demo,2026-03-13
loot,sword,486,1.7734189369828577E9,2026-03-13T16:27:14.517Z,airflow_spark_demo,2026-03-13
kill,gold,883,1.773418936982902E9,2026-03-13T16:27:14.517Z,airflow_spark_demo,2026-03-13
kill,gold,662,1.7734189369829388E9,2026-03-13T16:27:14.517Z,airflow_spark_demo,2026-03-13
loot,gold,688,1.7734189369830344E9,2026-03-13T16:27:14.517Z,airflow_spark_demo,2026-03-13
death,armor,953,1.7734189369830933E9,2026-03-13T16:27:14.517Z,airflow_spark_demo,2026-03-13
loot,gold,870,1.7734189369831383E9,2026-03-13T16:27:14.517Z,airflow_spark_demo,2026-03-13
kill,gold,214,1.773418936983177E9,2026-03-13T16:27:14.517Z,airflow_spark_demo,2026-03-13
loot,armor,224,1.7734189369832313E9,2026-03-13T16:27:14.517Z,airflow_spark_demo,2026-03-13
loot,armor,129,1.7734189369832711E9,2026-03-13T16:27:14.517Z,airflow_spark_demo,2026-03-13
kill,sword,481,1.7734189369833112E9,2026-03-13T16:27:14.517Z,airflow_spark_demo,2026-03-13
kill,gold,606,1.7734189369833496E9,2026-03-13T16:27:14.517Z,airflow_spark_demo,2026-03-13
kill,armor,399,1.7734189369833896E9,2026-03-13T16:27:14.517Z,airflow_spark_demo,2026-03-13
loot,armor,818,1.7734189369834383E9,2026-03-13T16:27:14.517Z,airflow_spark_demo,2026-03-13
death,armor,368,1.7734189369834788E9,2026-03-13T16:27:14.517Z,airflow_spark_demo,2026-03-13
death,armor,740,1.773418936983515E9,2026-03-13T16:27:14.517Z,airflow_spark_demo,2026-03-13
death,armor,498,1.7734189369835494E9,2026-03-13T16:27:14.517Z,airflow_spark_demo,2026-03-13
kill,armor,211,1.7734189369835792E9,2026-03-13T16:27:14.517Z,airflow_spark_demo,2026-03-13
death,armor,66,1.773418936983607E9,2026-03-13T16:27:14.517Z,airflow_spark_demo,2026-03-13
death,armor,318,1.7734189369836354E9,2026-03-13T16:27:14.517Z,airflow_spark_demo,2026-03-13
loot,gold,43,1.773418936983664E9,2026-03-13T16:27:14.517Z,airflow_spark_demo,2026-03-13
loot,sword,517,1.7734189369836915E9,2026-03-13T16:27:14.517Z,airflow_spark_demo,2026-03-13
kill,gold,513,1.7734189369837196E9,2026-03-13T16:27:14.517Z,airflow_spark_demo,2026-03-13
loot,armor,159,1.773418936983794E9,2026-03-13T16:27:14.517Z,airflow_spark_demo,2026-03-13
loot,sword,692,1.773418936983841E9,2026-03-13T16:27:14.517Z,airflow_spark_demo,2026-03-13
loot,gold,22,1.7734189369838717E9,2026-03-13T16:27:14.517Z,airflow_spark_demo,2026-03-13
kill,gold,264,1.7734189369839015E9,2026-03-13T16:27:14.517Z,airflow_spark_demo,2026-03-13
death,gold,188,1.7734189369839315E9,2026-03-13T16:27:14.517Z,airflow_spark_demo,2026-03-13
loot,sword,611,1.7734189369839616E9,2026-03-13T16:27:14.517Z,airflow_spark_demo,2026-03-13
loot,sword,830,1.773418936984022E9,2026-03-13T16:27:14.517Z,airflow_spark_demo,2026-03-13
loot,sword,233,1.773418936984067E9,2026-03-13T16:27:14.517Z,airflow_spark_demo,2026-03-13
kill,gold,216,1.773418936984155E9,2026-03-13T16:27:14.517Z,airflow_spark_demo,2026-03-13
kill,gold,724,1.7734189369842012E9,2026-03-13T16:27:14.517Z,airflow_spark_demo,2026-03-13
loot,gold,415,1.7734189369842446E9,2026-03-13T16:27:14.517Z,airflow_spark_demo,2026-03-13
death,gold,934,1.7734189369842978E9,2026-03-13T16:27:14.517Z,airflow_spark_demo,2026-03-13
loot,sword,977,1.7734189369843478E9,2026-03-13T16:27:14.517Z,airflow_spark_demo,2026-03-13
kill,sword,201,1.773418936984393E9,2026-03-13T16:27:14.517Z,airflow_spark_demo,2026-03-13
kill,gold,552,1.7734189369844403E9,2026-03-13T16:27:14.517Z,airflow_spark_demo,2026-03-13
kill,gold,115,1.7734189369844956E9,2026-03-13T16:27:14.517Z,airflow_spark_demo,2026-03-13
loot,armor,692,1.7734189369845378E9,2026-03-13T16:27:14.517Z,airflow_spark_demo,2026-03-13
kill,gold,250,1.7734189369845676E9,2026-03-13T16:27:14.517Z,airflow_spark_demo,2026-03-13
loot,sword,932,1.7734189369845958E9,2026-03-13T16:27:14.517Z,airflow_spark_demo,2026-03-13
kill,gold,828,1.7734189369846241E9,2026-03-13T16:27:14.517Z,airflow_spark_demo,2026-03-13
loot,gold,88,1.7734189369846642E9,2026-03-13T16:27:14.517Z,airflow_spark_demo,2026-03-13
death,sword,715,1.7734189369846919E9,2026-03-13T16:27:14.517Z,airflow_spark_demo,2026-03-13
death,sword,990,1.7734189369847252E9,2026-03-13T16:27:14.517Z,airflow_spark_demo,2026-03-13
death,sword,125,1.7734189369848163E9,2026-03-13T16:27:14.517Z,airflow_spark_demo,2026-03-13
death,gold,951,1.7734189369848812E9,2026-03-13T16:27:14.517Z,airflow_spark_demo,2026-03-13
death,gold,874,1.7734189369849112E9,2026-03-13T16:27:14.517Z,airflow_spark_demo,2026-03-13
kill,sword,79,1.7734189369849463E9,2026-03-13T16:27:14.517Z,airflow_spark_demo,2026-03-13
kill,armor,919,1.7734189369849973E9,2026-03-13T16:27:14.517Z,airflow_spark_demo,2026-03-13
death,armor,311,1.7734189369850326E9,2026-03-13T16:27:14.517Z,airflow_spark_demo,2026-03-13
kill,gold,115,1.7734189369850721E9,2026-03-13T16:27:14.517Z,airflow_spark_demo,2026-03-13
loot,gold,432,1.7734189369851015E9,2026-03-13T16:27:14.517Z,airflow_spark_demo,2026-03-13
loot,sword,130,1.77341893698513E9,2026-03-13T16:27:14.517Z,airflow_spark_demo,2026-03-13
kill,gold,749,1.773418936985158E9,2026-03-13T16:27:14.517Z,airflow_spark_demo,2026-03-13
loot,armor,406,1.7734189369851964E9,2026-03-13T16:27:14.517Z,airflow_spark_demo,2026-03-13
kill,gold,825,1.7734189369852245E9,2026-03-13T16:27:14.517Z,airflow_spark_demo,2026-03-13
loot,armor,244,1.773418936985256E9,2026-03-13T16:27:14.517Z,airflow_spark_demo,2026-03-13
loot,sword,285,1.773418936985284E9,2026-03-13T16:27:14.517Z,airflow_spark_demo,2026-03-13
loot,sword,538,1.7734189369853146E9,2026-03-13T16:27:14.517Z,airflow_spark_demo,2026-03-13
death,gold,845,1.7734189369853427E9,2026-03-13T16:27:14.517Z,airflow_spark_demo,2026-03-13
death,sword,215,1.7734189369853706E9,2026-03-13T16:27:14.517Z,airflow_spark_demo,2026-03-13
death,sword,792,1.7734189369854E9,2026-03-13T16:27:14.517Z,airflow_spark_demo,2026-03-13
loot,gold,636,1.7734189369854302E9,2026-03-13T16:27:14.517Z,airflow_spark_demo,2026-03-13
kill,gold,139,1.7734189369854608E9,2026-03-13T16:27:14.517Z,airflow_spark_demo,2026-03-13
loot,gold,244,1.7734189369855244E9,2026-03-13T16:27:14.517Z,airflow_spark_demo,2026-03-13
kill,gold,242,1.7734189369855564E9,2026-03-13T16:27:14.517Z,airflow_spark_demo,2026-03-13
kill,armor,684,1.773418936985593E9,2026-03-13T16:27:14.517Z,airflow_spark_demo,2026-03-13
death,armor,633,1.773418936985627E9,2026-03-13T16:27:14.517Z,airflow_spark_demo,2026-03-13
loot,armor,461,1.7734189369856555E9,2026-03-13T16:27:14.517Z,airflow_spark_demo,2026-03-13
loot,armor,442,1.7734189369856842E9,2026-03-13T16:27:14.517Z,airflow_spark_demo,2026-03-13
loot,armor,686,1.7734189369857123E9,2026-03-13T16:27:14.517Z,airflow_spark_demo,2026-03-13
death,gold,109,1.7734189369857402E9,2026-03-13T16:27:14.517Z,airflow_spark_demo,2026-03-13
death,gold,967,1.7734189369857688E9,2026-03-13T16:27:14.517Z,airflow_spark_demo,2026-03-13
death,armor,965,1.7734189369857957E9,2026-03-13T16:27:14.517Z,airflow_spark_demo,2026-03-13
loot,armor,130,1.7734189369858243E9,2026-03-13T16:27:14.517Z,airflow_spark_demo,2026-03-13
death,sword,149,1.7734189369858692E9,2026-03-13T16:27:14.517Z,airflow_spark_demo,2026-03-13
kill,sword,847,1.773418936985908E9,2026-03-13T16:27:14.517Z,airflow_spark_demo,2026-03-13
loot,sword,637,1.773418936985938E9,2026-03-13T16:27:14.517Z,airflow_spark_demo,2026-03-13
death,armor,428,1.7734189369859676E9,2026-03-13T16:27:14.517Z,airflow_spark_demo,2026-03-13
death,gold,350,1.7734189369860203E9,2026-03-13T16:27:14.517Z,airflow_spark_demo,2026-03-13
loot,armor,887,1.773418936986051E9,2026-03-13T16:27:14.517Z,airflow_spark_demo,2026-03-13
kill,armor,690,1.7734189369860792E9,2026-03-13T16:27:14.517Z,airflow_spark_demo,2026-03-13
loot,gold,431,1.7734189369861093E9,2026-03-13T16:27:14.517Z,airflow_spark_demo,2026-03-13
death,armor,885,1.7734189369861374E9,2026-03-13T16:27:14.517Z,airflow_spark_demo,2026-03-13
loot,gold,866,1.7734189369861658E9,2026-03-13T16:27:14.517Z,airflow_spark_demo,2026-03-13
death,sword,439,1.7734189369861968E9,2026-03-13T16:27:14.517Z,airflow_spark_demo,2026-03-13
death,gold,356,1.7734189369862256E9,2026-03-13T16:27:14.517Z,airflow_spark_demo,2026-03-13
death,sword,724,1.773418936986254E9,2026-03-13T16:27:14.517Z,airflow_spark_demo,2026-03-13
death,sword,254,1.7734189369862835E9,2026-03-13T16:27:14.517Z,airflow_spark_demo,2026-03-13
loot,sword,487,1.7734189369863172E9,2026-03-13T16:27:14.517Z,airflow_spark_demo,2026-03-13
death,sword,66,1.773418936986345E9,2026-03-13T16:27:14.517Z,airflow_spark_demo,2026-03-13
loot,armor,90,1.7734189369863727E9,2026-03-13T16:27:14.517Z,airflow_spark_demo,2026-03-13
kill,sword,693,1.7734189369864006E9,2026-03-13T16:27:14.517Z,airflow_spark_demo,2026-03-13
death,sword,960,1.7734189369864283E9,2026-03-13T16:27:14.517Z,airflow_spark_demo,2026-03-13
kill,armor,510,1.7734189369864552E9,2026-03-13T16:27:14.517Z,airflow_spark_demo,2026-03-13
loot,armor,888,1.773418936986486E9,2026-03-13T16:27:14.517Z,airflow_spark_demo,2026-03-13
death,armor,982,1.7734189369865189E9,2026-03-13T16:27:14.517Z,airflow_spark_demo,2026-03-13
loot,sword,687,1.7734189369865482E9,2026-03-13T16:27:14.517Z,airflow_spark_demo,2026-03-13
loot,gold,926,1.773418936986578E9,2026-03-13T16:27:14.517Z,airflow_spark_demo,2026-03-13
death,armor,708,1.7734189369866064E9,2026-03-13T16:27:14.517Z,airflow_spark_demo,2026-03-13
loot,sword,123,1.7734189369866343E9,2026-03-13T16:27:14.517Z,airflow_spark_demo,2026-03-13
death,sword,463,1.773418936986669E9,2026-03-13T16:27:14.517Z,airflow_spark_demo,2026-03-13
death,armor,641,1.7734189369867015E9,2026-03-13T16:27:14.517Z,airflow_spark_demo,2026-03-13
death,gold,24,1.77341893698673E9,2026-03-13T16:27:14.517Z,airflow_spark_demo,2026-03-13
death,armor,963,1.773418936986758E9,2026-03-13T16:27:14.517Z,airflow_spark_demo,2026-03-13
kill,gold,1000,1.773418936986786E9,2026-03-13T16:27:14.517Z,airflow_spark_demo,2026-03-13
kill,gold,312,1.7734189369868138E9,2026-03-13T16:27:14.517Z,airflow_spark_demo,2026-03-13
death,sword,798,1.773418936986844E9,2026-03-13T16:27:14.517Z,airflow_spark_demo,2026-03-13
death,armor,606,1.773418936986873E9,2026-03-13T16:27:14.517Z,airflow_spark_demo,2026-03-13
loot,armor,22,1.7734189369869008E9,2026-03-13T16:27:14.517Z,airflow_spark_demo,2026-03-13
death,sword,557,1.7734189369869287E9,2026-03-13T16:27:14.517Z,airflow_spark_demo,2026-03-13
kill,armor,749,1.7734189369869561E9,2026-03-13T16:27:14.517Z,airflow_spark_demo,2026-03-13
death,armor,493,1.7734189369870057E9,2026-03-13T16:27:14.517Z,airflow_spark_demo,2026-03-13
loot,gold,216,1.7734189369870415E9,2026-03-13T16:27:14.517Z,airflow_spark_demo,2026-03-13
loot,sword,111,1.7734189369870715E9,2026-03-13T16:27:14.517Z,airflow_spark_demo,2026-03-13
kill,armor,368,1.7734189369871001E9,2026-03-13T16:27:14.517Z,airflow_spark_demo,2026-03-13
death,sword,768,1.7734189369871461E9,2026-03-13T16:27:14.517Z,airflow_spark_demo,2026-03-13
death,armor,473,1.7734189369871798E9,2026-03-13T16:27:14.517Z,airflow_spark_demo,2026-03-13
death,sword,486,1.7734189369872105E9,2026-03-13T16:27:14.517Z,airflow_spark_demo,2026-03-13
kill,armor,227,1.773418936987242E9,2026-03-13T16:27:14.517Z,airflow_spark_demo,2026-03-13
kill,gold,706,1.7734189369872708E9,2026-03-13T16:27:14.517Z,airflow_spark_demo,2026-03-13
loot,gold,13,1.7734189369872994E9,2026-03-13T16:27:14.517Z,airflow_spark_demo,2026-03-13
death,sword,530,1.7734189369873276E9,2026-03-13T16:27:14.517Z,airflow_spark_demo,2026-03-13
loot,armor,72,1.7734189369795778E9,2026-03-13T16:27:14.517Z,airflow_spark_demo,2026-03-13
loot,sword,724,1.77341893698247E9,2026-03-13T16:27:14.517Z,airflow_spark_demo,2026-03-13
death,sword,709,1.773418936982556E9,2026-03-13T16:27:14.517Z,airflow_spark_demo,2026-03-13
death,sword,969,1.7734189369826012E9,2026-03-13T16:27:14.517Z,airflow_spark_demo,2026-03-13
loot,gold,447,1.773418936982633E9,2026-03-13T16:27:14.517Z,airflow_spark_demo,2026-03-13
death,gold,882,1.7734189369826632E9,2026-03-13T16:27:14.517Z,airflow_spark_demo,2026-03-13
loot,gold,21,1.7734189369826918E9,2026-03-13T16:27:14.517Z,airflow_spark_demo,2026-03-13
loot,sword,1000,1.773418936982728E9,2026-03-13T16:27:14.517Z,airflow_spark_demo,2026-03-13
death,sword,464,1.7734189369827678E9,2026-03-13T16:27:14.517Z,airflow_spark_demo,2026-03-13
death,armor,856,1.7734189369828482E9,2026-03-13T16:27:14.517Z,airflow_spark_demo,2026-03-13
death,armor,437,1.773418936982905E9,2026-03-13T16:27:14.517Z,airflow_spark_demo,2026-03-13
kill,sword,787,1.7734189369829478E9,2026-03-13T16:27:14.517Z,airflow_spark_demo,2026-03-13
loot,sword,44,1.773418936982985E9,2026-03-13T16:27:14.517Z,airflow_spark_demo,2026-03-13
loot,armor,923,1.7734189369830167E9,2026-03-13T16:27:14.517Z,airflow_spark_demo,2026-03-13
kill,sword,852,1.7734189369830542E9,2026-03-13T16:27:14.517Z,airflow_spark_demo,2026-03-13
death,gold,800,1.773418936983084E9,2026-03-13T16:27:14.517Z,airflow_spark_demo,2026-03-13
loot,sword,858,1.7734189369831128E9,2026-03-13T16:27:14.517Z,airflow_spark_demo,2026-03-13
death,gold,64,1.7734189369831424E9,2026-03-13T16:27:14.517Z,airflow_spark_demo,2026-03-13
death,armor,865,1.7734189369831762E9,2026-03-13T16:27:14.517Z,airflow_spark_demo,2026-03-13
kill,sword,960,1.7734189369832108E9,2026-03-13T16:27:14.517Z,airflow_spark_demo,2026-03-13
kill,sword,647,1.7734189369832416E9,2026-03-13T16:27:14.517Z,airflow_spark_demo,2026-03-13
kill,armor,731,1.7734189369832706E9,2026-03-13T16:27:14.517Z,airflow_spark_demo,2026-03-13
loot,gold,16,1.7734189369832995E9,2026-03-13T16:27:14.517Z,airflow_spark_demo,2026-03-13
loot,gold,448,1.7734189369833286E9,2026-03-13T16:27:14.517Z,airflow_spark_demo,2026-03-13
kill,armor,692,1.773418936983358E9,2026-03-13T16:27:14.517Z,airflow_spark_demo,2026-03-13
loot,armor,314,1.7734189369833987E9,2026-03-13T16:27:14.517Z,airflow_spark_demo,2026-03-13
death,sword,22,1.7734189369834425E9,2026-03-13T16:27:14.517Z,airflow_spark_demo,2026-03-13
loot,sword,141,1.7734189369834845E9,2026-03-13T16:27:14.517Z,airflow_spark_demo,2026-03-13
kill,sword,110,1.7734189369835324E9,2026-03-13T16:27:14.517Z,airflow_spark_demo,2026-03-13
loot,armor,861,1.7734189369835637E9,2026-03-13T16:27:14.517Z,airflow_spark_demo,2026-03-13
kill,armor,622,1.7734189369835932E9,2026-03-13T16:27:14.517Z,airflow_spark_demo,2026-03-13
death,gold,14,1.7734189369836214E9,2026-03-13T16:27:14.517Z,airflow_spark_demo,2026-03-13
death,sword,122,1.7734189369836502E9,2026-03-13T16:27:14.517Z,airflow_spark_demo,2026-03-13
kill,gold,793,1.7734189369836795E9,2026-03-13T16:27:14.517Z,airflow_spark_demo,2026-03-13
death,gold,848,1.7734189369837103E9,2026-03-13T16:27:14.517Z,airflow_spark_demo,2026-03-13
death,armor,662,1.7734189369837387E9,2026-03-13T16:27:14.517Z,airflow_spark_demo,2026-03-13
death,gold,211,1.7734189369837983E9,2026-03-13T16:27:14.517Z,airflow_spark_demo,2026-03-13
loot,gold,732,1.7734189369838307E9,2026-03-13T16:27:14.517Z,airflow_spark_demo,2026-03-13
death,gold,854,1.7734189369838603E9,2026-03-13T16:27:14.517Z,airflow_spark_demo,2026-03-13
death,gold,625,1.7734189369839013E9,2026-03-13T16:27:14.517Z,airflow_spark_demo,2026-03-13
kill,gold,496,1.7734189369839365E9,2026-03-13T16:27:14.517Z,airflow_spark_demo,2026-03-13
loot,armor,445,1.7734189369839647E9,2026-03-13T16:27:14.517Z,airflow_spark_demo,2026-03-13
loot,sword,499,1.7734189369840057E9,2026-03-13T16:27:14.517Z,airflow_spark_demo,2026-03-13
loot,sword,996,1.773418936984116E9,2026-03-13T16:27:14.517Z,airflow_spark_demo,2026-03-13
death,armor,322,1.7734189369841745E9,2026-03-13T16:27:14.517Z,airflow_spark_demo,2026-03-13
loot,gold,913,1.773418936984223E9,2026-03-13T16:27:14.517Z,airflow_spark_demo,2026-03-13
kill,sword,234,1.7734189369842715E9,2026-03-13T16:27:14.517Z,airflow_spark_demo,2026-03-13
death,gold,579,1.7734189369843159E9,2026-03-13T16:27:14.517Z,airflow_spark_demo,2026-03-13
loot,sword,680,1.7734189369843495E9,2026-03-13T16:27:14.517Z,airflow_spark_demo,2026-03-13
death,sword,919,1.7734189369843795E9,2026-03-13T16:27:14.517Z,airflow_spark_demo,2026-03-13
kill,armor,856,1.7734189369844182E9,2026-03-13T16:27:14.517Z,airflow_spark_demo,2026-03-13
loot,armor,588,1.7734189369844592E9,2026-03-13T16:27:14.517Z,airflow_spark_demo,2026-03-13
loot,sword,888,1.7734189369845002E9,2026-03-13T16:27:14.517Z,airflow_spark_demo,2026-03-13
death,sword,975,1.7734189369845288E9,2026-03-13T16:27:14.517Z,airflow_spark_demo,2026-03-13
kill,armor,852,1.7734189369845574E9,2026-03-13T16:27:14.517Z,airflow_spark_demo,2026-03-13
death,gold,671,1.7734189369845855E9,2026-03-13T16:27:14.517Z,airflow_spark_demo,2026-03-13
loot,sword,644,1.7734189369846144E9,2026-03-13T16:27:14.517Z,airflow_spark_demo,2026-03-13
loot,gold,668,1.7734189369846509E9,2026-03-13T16:27:14.517Z,airflow_spark_demo,2026-03-13
loot,sword,8,1.7734189369846792E9,2026-03-13T16:27:14.517Z,airflow_spark_demo,2026-03-13
death,sword,804,1.7734189369847076E9,2026-03-13T16:27:14.517Z,airflow_spark_demo,2026-03-13
loot,sword,887,1.773418936984762E9,2026-03-13T16:27:14.517Z,airflow_spark_demo,2026-03-13
death,sword,492,1.7734189369847918E9,2026-03-13T16:27:14.517Z,airflow_spark_demo,2026-03-13
death,gold,800,1.7734189369848218E9,2026-03-13T16:27:14.517Z,airflow_spark_demo,2026-03-13
death,gold,188,1.7734189369848585E9,2026-03-13T16:27:14.517Z,airflow_spark_demo,2026-03-13
kill,gold,463,1.7734189369848866E9,2026-03-13T16:27:14.517Z,airflow_spark_demo,2026-03-13
death,gold,463,1.7734189369849155E9,2026-03-13T16:27:14.517Z,airflow_spark_demo,2026-03-13
loot,gold,24,1.7734189369849446E9,2026-03-13T16:27:14.517Z,airflow_spark_demo,2026-03-13
death,gold,835,1.7734189369849796E9,2026-03-13T16:27:14.517Z,airflow_spark_demo,2026-03-13
death,armor,326,1.7734189369850085E9,2026-03-13T16:27:14.517Z,airflow_spark_demo,2026-03-13
loot,armor,374,1.7734189369850368E9,2026-03-13T16:27:14.517Z,airflow_spark_demo,2026-03-13
death,gold,308,1.7734189369850717E9,2026-03-13T16:27:14.517Z,airflow_spark_demo,2026-03-13
loot,sword,264,1.7734189369851012E9,2026-03-13T16:27:14.517Z,airflow_spark_demo,2026-03-13
death,sword,76,1.77341893698513E9,2026-03-13T16:27:14.517Z,airflow_spark_demo,2026-03-13
loot,armor,157,1.7734189369851584E9,2026-03-13T16:27:14.517Z,airflow_spark_demo,2026-03-13
kill,sword,72,1.773418936985186E9,2026-03-13T16:27:14.517Z,airflow_spark_demo,2026-03-13
death,sword,626,1.7734189369852135E9,2026-03-13T16:27:14.517Z,airflow_spark_demo,2026-03-13
death,gold,470,1.7734189369852414E9,2026-03-13T16:27:14.517Z,airflow_spark_demo,2026-03-13
loot,gold,84,1.7734189369852703E9,2026-03-13T16:27:14.517Z,airflow_spark_demo,2026-03-13
kill,armor,425,1.7734189369852984E9,2026-03-13T16:27:14.517Z,airflow_spark_demo,2026-03-13
death,gold,45,1.7734189369853258E9,2026-03-13T16:27:14.517Z,airflow_spark_demo,2026-03-13
death,sword,232,1.7734189369853528E9,2026-03-13T16:27:14.517Z,airflow_spark_demo,2026-03-13
kill,sword,553,1.773418936985382E9,2026-03-13T16:27:14.517Z,airflow_spark_demo,2026-03-13
death,sword,51,1.7734189369854112E9,2026-03-13T16:27:14.517Z,airflow_spark_demo,2026-03-13
loot,gold,840,1.7734189369854417E9,2026-03-13T16:27:14.517Z,airflow_spark_demo,2026-03-13
death,gold,685,1.7734189369854846E9,2026-03-13T16:27:14.517Z,airflow_spark_demo,2026-03-13
death,sword,952,1.7734189369855154E9,2026-03-13T16:27:14.517Z,airflow_spark_demo,2026-03-13
death,armor,735,1.7734189369855442E9,2026-03-13T16:27:14.517Z,airflow_spark_demo,2026-03-13
kill,sword,338,1.773418936985573E9,2026-03-13T16:27:14.517Z,airflow_spark_demo,2026-03-13
kill,gold,130,1.773418936985601E9,2026-03-13T16:27:14.517Z,airflow_spark_demo,2026-03-13
death,gold,992,1.7734189369856288E9,2026-03-13T16:27:14.517Z,airflow_spark_demo,2026-03-13
kill,armor,911,1.7734189369856575E9,2026-03-13T16:27:14.517Z,airflow_spark_demo,2026-03-13
loot,gold,330,1.773418936985688E9,2026-03-13T16:27:14.517Z,airflow_spark_demo,2026-03-13
death,gold,297,1.77341893698572E9,2026-03-13T16:27:14.517Z,airflow_spark_demo,2026-03-13
kill,gold,879,1.7734189369857492E9,2026-03-13T16:27:14.517Z,airflow_spark_demo,2026-03-13
kill,gold,35,1.773418936985779E9,2026-03-13T16:27:14.517Z,airflow_spark_demo,2026-03-13
loot,gold,43,1.7734189369858074E9,2026-03-13T16:27:14.517Z,airflow_spark_demo,2026-03-13
kill,sword,494,1.7734189369858353E9,2026-03-13T16:27:14.517Z,airflow_spark_demo,2026-03-13
kill,gold,300,1.7734189369858632E9,2026-03-13T16:27:14.517Z,airflow_spark_demo,2026-03-13
death,gold,88,1.7734189369858983E9,2026-03-13T16:27:14.517Z,airflow_spark_demo,2026-03-13
death,gold,793,1.7734189369859312E9,2026-03-13T16:27:14.517Z,airflow_spark_demo,2026-03-13
kill,sword,581,1.7734189369859602E9,2026-03-13T16:27:14.517Z,airflow_spark_demo,2026-03-13
loot,sword,413,1.7734189369859903E9,2026-03-13T16:27:14.517Z,airflow_spark_demo,2026-03-13
loot,gold,121,1.77341893698602E9,2026-03-13T16:27:14.517Z,airflow_spark_demo,2026-03-13
loot,armor,539,1.773418936986051E9,2026-03-13T16:27:14.517Z,airflow_spark_demo,2026-03-13
loot,gold,730,1.7734189369860945E9,2026-03-13T16:27:14.517Z,airflow_spark_demo,2026-03-13
kill,gold,522,1.7734189369861352E9,2026-03-13T16:27:14.517Z,airflow_spark_demo,2026-03-13
loot,sword,727,1.7734189369861662E9,2026-03-13T16:27:14.517Z,airflow_spark_demo,2026-03-13
loot,gold,31,1.7734189369861956E9,2026-03-13T16:27:14.517Z,airflow_spark_demo,2026-03-13
death,sword,610,1.7734189369862242E9,2026-03-13T16:27:14.517Z,airflow_spark_demo,2026-03-13
death,gold,314,1.7734189369862556E9,2026-03-13T16:27:14.517Z,airflow_spark_demo,2026-03-13
death,gold,786,1.773418936986286E9,2026-03-13T16:27:14.517Z,airflow_spark_demo,2026-03-13
death,gold,487,1.773418936986318E9,2026-03-13T16:27:14.517Z,airflow_spark_demo,2026-03-13
death,gold,794,1.7734189369863465E9,2026-03-13T16:27:14.517Z,airflow_spark_demo,2026-03-13
death,armor,971,1.7734189369863765E9,2026-03-13T16:27:14.517Z,airflow_spark_demo,2026-03-13
death,sword,548,1.773418936986405E9,2026-03-13T16:27:14.517Z,airflow_spark_demo,2026-03-13
death,armor,633,1.7734189369864323E9,2026-03-13T16:27:14.517Z,airflow_spark_demo,2026-03-13
kill,sword,91,1.7734189369864666E9,2026-03-13T16:27:14.517Z,airflow_spark_demo,2026-03-13
loot,armor,622,1.773418936986499E9,2026-03-13T16:27:14.517Z,airflow_spark_demo,2026-03-13
kill,sword,207,1.7734189369865272E9,2026-03-13T16:27:14.517Z,airflow_spark_demo,2026-03-13
death,armor,509,1.7734189369865553E9,2026-03-13T16:27:14.517Z,airflow_spark_demo,2026-03-13
kill,armor,525,1.7734189369865837E9,2026-03-13T16:27:14.517Z,airflow_spark_demo,2026-03-13
kill,armor,764,1.7734189369866126E9,2026-03-13T16:27:14.517Z,airflow_spark_demo,2026-03-13
loot,armor,931,1.773418936986641E9,2026-03-13T16:27:14.517Z,airflow_spark_demo,2026-03-13
loot,gold,132,1.7734189369866688E9,2026-03-13T16:27:14.517Z,airflow_spark_demo,2026-03-13
death,sword,309,1.7734189369866998E9,2026-03-13T16:27:14.517Z,airflow_spark_demo,2026-03-13
kill,armor,464,1.7734189369867282E9,2026-03-13T16:27:14.517Z,airflow_spark_demo,2026-03-13
loot,gold,680,1.7734189369867563E9,2026-03-13T16:27:14.517Z,airflow_spark_demo,2026-03-13
loot,sword,206,1.7734189369867842E9,2026-03-13T16:27:14.517Z,airflow_spark_demo,2026-03-13
death,armor,524,1.7734189369868128E9,2026-03-13T16:27:14.517Z,airflow_spark_demo,2026-03-13
death,armor,380,1.7734189369868414E9,2026-03-13T16:27:14.517Z,airflow_spark_demo,2026-03-13
kill,sword,708,1.7734189369869194E9,2026-03-13T16:27:14.517Z,airflow_spark_demo,2026-03-13
loot,armor,245,1.7734189369869514E9,2026-03-13T16:27:14.517Z,airflow_spark_demo,2026-03-13
loot,armor,724,1.7734189369869828E9,2026-03-13T16:27:14.517Z,airflow_spark_demo,2026-03-13
loot,gold,701,1.773418936987013E9,2026-03-13T16:27:14.517Z,airflow_spark_demo,2026-03-13
kill,sword,521,1.773418936987043E9,2026-03-13T16:27:14.517Z,airflow_spark_demo,2026-03-13
loot,sword,629,1.7734189369870749E9,2026-03-13T16:27:14.517Z,airflow_spark_demo,2026-03-13
loot,sword,97,1.773418936987104E9,2026-03-13T16:27:14.517Z,airflow_spark_demo,2026-03-13
death,gold,214,1.7734189369871373E9,2026-03-13T16:27:14.517Z,airflow_spark_demo,2026-03-13
kill,gold,569,1.773418936987167E9,2026-03-13T16:27:14.517Z,airflow_spark_demo,2026-03-13
loot,gold,974,1.7734189369871976E9,2026-03-13T16:27:14.517Z,airflow_spark_demo,2026-03-13
death,sword,988,1.7734189369872324E9,2026-03-13T16:27:14.517Z,airflow_spark_demo,2026-03-13
loot,gold,62,1.7734189369872656E9,2026-03-13T16:27:14.517Z,airflow_spark_demo,2026-03-13
loot,gold,209,1.7734189369872947E9,2026-03-13T16:27:14.517Z,airflow_spark_demo,2026-03-13
kill,sword,325,1.773418936987323E9,2026-03-13T16:27:14.517Z,airflow_spark_demo,2026-03-13
loot,armor,396,1.7734189369873512E9,2026-03-13T16:27:14.517Z,airflow_spark_demo,2026-03-13
death,sword,678,1.7734189369873834E9,2026-03-13T16:27:14.517Z,airflow_spark_demo,2026-03-13
loot,armor,470,1.773418936987413E9,2026-03-13T16:27:14.517Z,airflow_spark_demo,2026-03-13
kill,sword,975,1.7734189369874423E9,2026-03-13T16:27:14.517Z,airflow_spark_demo,2026-03-13
loot,armor,627,1.773418936987474E9,2026-03-13T16:27:14.517Z,airflow_spark_demo,2026-03-13
kill,armor,918,1.7734189369875064E9,2026-03-13T16:27:14.517Z,airflow_spark_demo,2026-03-13
loot,armor,346,1.7734189369875343E9,2026-03-13T16:27:14.517Z,airflow_spark_demo,2026-03-13
loot,gold,599,1.7734189369923494E9,2026-03-13T16:27:14.517Z,airflow_spark_demo,2026-03-13
loot,gold,475,1.7734189369924958E9,2026-03-13T16:27:14.517Z,airflow_spark_demo,2026-03-13
kill,armor,846,1.7734189369925358E9,2026-03-13T16:27:14.517Z,airflow_spark_demo,2026-03-13
kill,sword,118,1.7734189369873555E9,2026-03-13T16:27:14.517Z,airflow_spark_demo,2026-03-13
death,armor,256,1.773418936990251E9,2026-03-13T16:27:14.517Z,airflow_spark_demo,2026-03-13
kill,gold,751,1.7734189369902966E9,2026-03-13T16:27:14.517Z,airflow_spark_demo,2026-03-13
kill,armor,937,1.7734189369903283E9,2026-03-13T16:27:14.517Z,airflow_spark_demo,2026-03-13
kill,armor,117,1.773418936990358E9,2026-03-13T16:27:14.517Z,airflow_spark_demo,2026-03-13
death,armor,417,1.7734189369903874E9,2026-03-13T16:27:14.517Z,airflow_spark_demo,2026-03-13
death,gold,932,1.7734189369904163E9,2026-03-13T16:27:14.517Z,airflow_spark_demo,2026-03-13
loot,armor,840,1.7734189369904447E9,2026-03-13T16:27:14.517Z,airflow_spark_demo,2026-03-13
kill,armor,710,1.7734189369904747E9,2026-03-13T16:27:14.517Z,airflow_spark_demo,2026-03-13
loot,armor,740,1.7734189369905043E9,2026-03-13T16:27:14.517Z,airflow_spark_demo,2026-03-13
kill,armor,485,1.773418936990533E9,2026-03-13T16:27:14.517Z,airflow_spark_demo,2026-03-13
loot,armor,795,1.7734189369905632E9,2026-03-13T16:27:14.517Z,airflow_spark_demo,2026-03-13
loot,gold,17,1.7734189369905958E9,2026-03-13T16:27:14.517Z,airflow_spark_demo,2026-03-13
loot,armor,495,1.7734189369906247E9,2026-03-13T16:27:14.517Z,airflow_spark_demo,2026-03-13
kill,gold,304,1.7734189369906545E9,2026-03-13T16:27:14.517Z,airflow_spark_demo,2026-03-13
loot,gold,683,1.7734189369906828E9,2026-03-13T16:27:14.517Z,airflow_spark_demo,2026-03-13
death,sword,239,1.7734189369907107E9,2026-03-13T16:27:14.517Z,airflow_spark_demo,2026-03-13
kill,armor,720,1.773418936990739E9,2026-03-13T16:27:14.517Z,airflow_spark_demo,2026-03-13
kill,sword,806,1.773418936990767E9,2026-03-13T16:27:14.517Z,airflow_spark_demo,2026-03-13
kill,gold,299,1.7734189369907947E9,2026-03-13T16:27:14.517Z,airflow_spark_demo,2026-03-13
loot,gold,8,1.7734189369908223E9,2026-03-13T16:27:14.517Z,airflow_spark_demo,2026-03-13
loot,sword,338,1.773418936990851E9,2026-03-13T16:27:14.517Z,airflow_spark_demo,2026-03-13
kill,gold,842,1.7734189369908807E9,2026-03-13T16:27:14.517Z,airflow_spark_demo,2026-03-13
kill,sword,479,1.7734189369909086E9,2026-03-13T16:27:14.517Z,airflow_spark_demo,2026-03-13
death,gold,36,1.7734189369909368E9,2026-03-13T16:27:14.517Z,airflow_spark_demo,2026-03-13
kill,sword,72,1.7734189369909654E9,2026-03-13T16:27:14.517Z,airflow_spark_demo,2026-03-13
loot,gold,242,1.7734189369909925E9,2026-03-13T16:27:14.517Z,airflow_spark_demo,2026-03-13
loot,armor,471,1.7734189369910212E9,2026-03-13T16:27:14.517Z,airflow_spark_demo,2026-03-13
loot,sword,133,1.773418936991049E9,2026-03-13T16:27:14.517Z,airflow_spark_demo,2026-03-13
loot,armor,682,1.7734189369910772E9,2026-03-13T16:27:14.517Z,airflow_spark_demo,2026-03-13
kill,gold,52,1.7734189369911053E9,2026-03-13T16:27:14.517Z,airflow_spark_demo,2026-03-13
death,sword,350,1.7734189369911332E9,2026-03-13T16:27:14.517Z,airflow_spark_demo,2026-03-13
death,sword,566,1.7734189369911819E9,2026-03-13T16:27:14.517Z,airflow_spark_demo,2026-03-13
death,gold,936,1.7734189369912684E9,2026-03-13T16:27:14.517Z,airflow_spark_demo,2026-03-13
loot,armor,204,1.7734189369913077E9,2026-03-13T16:27:14.517Z,airflow_spark_demo,2026-03-13
kill,armor,161,1.7734189369913557E9,2026-03-13T16:27:14.517Z,airflow_spark_demo,2026-03-13
loot,armor,458,1.77341893699139E9,2026-03-13T16:27:14.517Z,airflow_spark_demo,2026-03-13
kill,sword,685,1.7734189369914343E9,2026-03-13T16:27:14.517Z,airflow_spark_demo,2026-03-13
death,gold,98,1.7734189369914637E9,2026-03-13T16:27:14.517Z,airflow_spark_demo,2026-03-13
loot,sword,933,1.773418936991495E9,2026-03-13T16:27:14.517Z,airflow_spark_demo,2026-03-13
death,gold,12,1.7734189369915237E9,2026-03-13T16:27:14.517Z,airflow_spark_demo,2026-03-13
death,armor,670,1.7734189369915535E9,2026-03-13T16:27:14.517Z,airflow_spark_demo,2026-03-13
loot,armor,835,1.7734189369915822E9,2026-03-13T16:27:14.517Z,airflow_spark_demo,2026-03-13
kill,gold,172,1.7734189369916122E9,2026-03-13T16:27:14.517Z,airflow_spark_demo,2026-03-13
death,gold,592,1.77341893699164E9,2026-03-13T16:27:14.517Z,airflow_spark_demo,2026-03-13
kill,armor,306,1.7734189369916823E9,2026-03-13T16:27:14.517Z,airflow_spark_demo,2026-03-13
death,sword,978,1.7734189369917123E9,2026-03-13T16:27:14.517Z,airflow_spark_demo,2026-03-13
death,armor,37,1.7734189369917383E9,2026-03-13T16:27:14.517Z,airflow_spark_demo,2026-03-13
kill,armor,626,1.7734189369918017E9,2026-03-13T16:27:14.517Z,airflow_spark_demo,2026-03-13
death,gold,78,1.773418936991832E9,2026-03-13T16:27:14.517Z,airflow_spark_demo,2026-03-13
kill,armor,862,1.7734189369918604E9,2026-03-13T16:27:14.517Z,airflow_spark_demo,2026-03-13
loot,armor,19,1.7734189369918914E9,2026-03-13T16:27:14.517Z,airflow_spark_demo,2026-03-13
kill,gold,463,1.7734189369919236E9,2026-03-13T16:27:14.517Z,airflow_spark_demo,2026-03-13
death,armor,326,1.7734189369919515E9,2026-03-13T16:27:14.517Z,airflow_spark_demo,2026-03-13
loot,gold,954,1.7734189369919832E9,2026-03-13T16:27:14.517Z,airflow_spark_demo,2026-03-13
death,sword,67,1.7734189369920082E9,2026-03-13T16:27:14.517Z,airflow_spark_demo,2026-03-13
kill,gold,249,1.7734189369920335E9,2026-03-13T16:27:14.517Z,airflow_spark_demo,2026-03-13
loot,gold,847,1.7734189369920585E9,2026-03-13T16:27:14.517Z,airflow_spark_demo,2026-03-13
loot,sword,427,1.773418936992084E9,2026-03-13T16:27:14.517Z,airflow_spark_demo,2026-03-13
loot,sword,9,1.7734189369921093E9,2026-03-13T16:27:14.517Z,airflow_spark_demo,2026-03-13
loot,armor,277,1.7734189369921346E9,2026-03-13T16:27:14.517Z,airflow_spark_demo,2026-03-13
death,sword,398,1.77341893699216E9,2026-03-13T16:27:14.517Z,airflow_spark_demo,2026-03-13
kill,sword,204,1.7734189369922087E9,2026-03-13T16:27:14.517Z,airflow_spark_demo,2026-03-13
death,armor,643,1.7734189369922388E9,2026-03-13T16:27:14.517Z,airflow_spark_demo,2026-03-13
loot,sword,780,1.7734189369922686E9,2026-03-13T16:27:14.517Z,airflow_spark_demo,2026-03-13
death,sword,180,1.773418936992305E9,2026-03-13T16:27:14.517Z,airflow_spark_demo,2026-03-13
death,sword,372,1.7734189369923463E9,2026-03-13T16:27:14.517Z,airflow_spark_demo,2026-03-13
kill,sword,825,1.7734189369923754E9,2026-03-13T16:27:14.517Z,airflow_spark_demo,2026-03-13
death,armor,230,1.7734189369924045E9,2026-03-13T16:27:14.517Z,airflow_spark_demo,2026-03-13
death,armor,824,1.7734189369924328E9,2026-03-13T16:27:14.517Z,airflow_spark_demo,2026-03-13
kill,sword,873,1.7734189369924612E9,2026-03-13T16:27:14.517Z,airflow_spark_demo,2026-03-13
death,gold,632,1.7734189369924896E9,2026-03-13T16:27:14.517Z,airflow_spark_demo,2026-03-13
death,sword,313,1.7734189369925332E9,2026-03-13T16:27:14.517Z,airflow_spark_demo,2026-03-13
kill,sword,440,1.7734189369925742E9,2026-03-13T16:27:14.517Z,airflow_spark_demo,2026-03-13
loot,armor,600,1.773418936992603E9,2026-03-13T16:27:14.517Z,airflow_spark_demo,2026-03-13
loot,armor,439,1.7734189369926603E9,2026-03-13T16:27:14.517Z,airflow_spark_demo,2026-03-13
kill,armor,319,1.7734189369926915E9,2026-03-13T16:27:14.517Z,airflow_spark_demo,2026-03-13
kill,sword,878,1.7734189369927206E9,2026-03-13T16:27:14.517Z,airflow_spark_demo,2026-03-13
loot,armor,45,1.7734189369927495E9,2026-03-13T16:27:14.517Z,airflow_spark_demo,2026-03-13
loot,armor,823,1.77341893699278E9,2026-03-13T16:27:14.517Z,airflow_spark_demo,2026-03-13
death,gold,394,1.7734189369928079E9,2026-03-13T16:27:14.517Z,airflow_spark_demo,2026-03-13
kill,sword,853,1.7734189369928458E9,2026-03-13T16:27:14.517Z,airflow_spark_demo,2026-03-13
loot,gold,445,1.7734189369928741E9,2026-03-13T16:27:14.517Z,airflow_spark_demo,2026-03-13
death,gold,488,1.773418936992902E9,2026-03-13T16:27:14.517Z,airflow_spark_demo,2026-03-13
death,armor,989,1.77341893699293E9,2026-03-13T16:27:14.517Z,airflow_spark_demo,2026-03-13
death,sword,912,1.773418936992958E9,2026-03-13T16:27:14.517Z,airflow_spark_demo,2026-03-13
death,armor,521,1.7734189369929876E9,2026-03-13T16:27:14.517Z,airflow_spark_demo,2026-03-13
kill,gold,515,1.7734189369930153E9,2026-03-13T16:27:14.517Z,airflow_spark_demo,2026-03-13
kill,sword,283,1.7734189369930437E9,2026-03-13T16:27:14.517Z,airflow_spark_demo,2026-03-13
loot,armor,243,1.773418936993071E9,2026-03-13T16:27:14.517Z,airflow_spark_demo,2026-03-13
death,sword,740,1.7734189369930987E9,2026-03-13T16:27:14.517Z,airflow_spark_demo,2026-03-13
kill,armor,854,1.7734189369931266E9,2026-03-13T16:27:14.517Z,airflow_spark_demo,2026-03-13
kill,gold,848,1.773418936993154E9,2026-03-13T16:27:14.517Z,airflow_spark_demo,2026-03-13
loot,armor,484,1.7734189369932084E9,2026-03-13T16:27:14.517Z,airflow_spark_demo,2026-03-13
kill,gold,640,1.7734189369932485E9,2026-03-13T16:27:14.517Z,airflow_spark_demo,2026-03-13
kill,sword,547,1.773418936993283E9,2026-03-13T16:27:14.517Z,airflow_spark_demo,2026-03-13
kill,sword,140,1.7734189369933255E9,2026-03-13T16:27:14.517Z,airflow_spark_demo,2026-03-13
loot,gold,619,1.7734189369933562E9,2026-03-13T16:27:14.517Z,airflow_spark_demo,2026-03-13
loot,armor,897,1.7734189369933853E9,2026-03-13T16:27:14.517Z,airflow_spark_demo,2026-03-13
loot,gold,711,1.7734189369934137E9,2026-03-13T16:27:14.517Z,airflow_spark_demo,2026-03-13
death,gold,161,1.7734189369934423E9,2026-03-13T16:27:14.517Z,airflow_spark_demo,2026-03-13
death,sword,910,1.7734189369934704E9,2026-03-13T16:27:14.517Z,airflow_spark_demo,2026-03-13
kill,armor,167,1.7734189369935E9,2026-03-13T16:27:14.517Z,airflow_spark_demo,2026-03-13
loot,sword,112,1.7734189369935284E9,2026-03-13T16:27:14.517Z,airflow_spark_demo,2026-03-13
kill,armor,976,1.773418936993557E9,2026-03-13T16:27:14.517Z,airflow_spark_demo,2026-03-13
loot,gold,967,1.7734189369936013E9,2026-03-13T16:27:14.517Z,airflow_spark_demo,2026-03-13
loot,armor,786,1.7734189369936898E9,2026-03-13T16:27:14.517Z,airflow_spark_demo,2026-03-13
loot,gold,507,1.773418936993737E9,2026-03-13T16:27:14.517Z,airflow_spark_demo,2026-03-13
death,gold,455,1.7734189369937682E9,2026-03-13T16:27:14.517Z,airflow_spark_demo,2026-03-13
loot,sword,514,1.7734189369937992E9,2026-03-13T16:27:14.517Z,airflow_spark_demo,2026-03-13
kill,gold,456,1.77341893699383E9,2026-03-13T16:27:14.517Z,airflow_spark_demo,2026-03-13
kill,sword,281,1.7734189369938595E9,2026-03-13T16:27:14.517Z,airflow_spark_demo,2026-03-13
death,armor,855,1.7734189369938967E9,2026-03-13T16:27:14.517Z,airflow_spark_demo,2026-03-13
kill,gold,816,1.7734189369939373E9,2026-03-13T16:27:14.517Z,airflow_spark_demo,2026-03-13
kill,sword,374,1.773418936993967E9,2026-03-13T16:27:14.517Z,airflow_spark_demo,2026-03-13
loot,armor,657,1.7734189369939961E9,2026-03-13T16:27:14.517Z,airflow_spark_demo,2026-03-13
kill,armor,553,1.773418936994029E9,2026-03-13T16:27:14.517Z,airflow_spark_demo,2026-03-13
loot,gold,380,1.773418936994058E9,2026-03-13T16:27:14.517Z,airflow_spark_demo,2026-03-13
loot,armor,106,1.7734189369940953E9,2026-03-13T16:27:14.517Z,airflow_spark_demo,2026-03-13
death,gold,106,1.7734189369941444E9,2026-03-13T16:27:14.517Z,airflow_spark_demo,2026-03-13
kill,sword,631,1.7734189369942338E9,2026-03-13T16:27:14.517Z,airflow_spark_demo,2026-03-13
kill,armor,887,1.7734189369942837E9,2026-03-13T16:27:14.517Z,airflow_spark_demo,2026-03-13
kill,armor,742,1.77341893699433E9,2026-03-13T16:27:14.517Z,airflow_spark_demo,2026-03-13
death,gold,512,1.7734189369943688E9,2026-03-13T16:27:14.517Z,airflow_spark_demo,2026-03-13
kill,armor,392,1.7734189369944072E9,2026-03-13T16:27:14.517Z,airflow_spark_demo,2026-03-13
death,sword,423,1.7734189369944468E9,2026-03-13T16:27:14.517Z,airflow_spark_demo,2026-03-13
kill,gold,51,1.7734189369944916E9,2026-03-13T16:27:14.517Z,airflow_spark_demo,2026-03-13
death,gold,419,1.77341893699455E9,2026-03-13T16:27:14.517Z,airflow_spark_demo,2026-03-13
kill,gold,76,1.7734189369945924E9,2026-03-13T16:27:14.517Z,airflow_spark_demo,2026-03-13
kill,gold,820,1.7734189369946232E9,2026-03-13T16:27:14.517Z,airflow_spark_demo,2026-03-13
loot,armor,867,1.7734189369946532E9,2026-03-13T16:27:14.517Z,airflow_spark_demo,2026-03-13
loot,sword,227,1.7734189369946816E9,2026-03-13T16:27:14.517Z,airflow_spark_demo,2026-03-13
kill,armor,615,1.773418936994712E9,2026-03-13T16:27:14.517Z,airflow_spark_demo,2026-03-13
death,sword,971,1.7734189369947484E9,2026-03-13T16:27:14.517Z,airflow_spark_demo,2026-03-13
death,armor,88,1.7734189369947946E9,2026-03-13T16:27:14.517Z,airflow_spark_demo,2026-03-13
death,gold,646,1.7734189369948347E9,2026-03-13T16:27:14.517Z,airflow_spark_demo,2026-03-13
loot,sword,628,1.7734189369948635E9,2026-03-13T16:27:14.517Z,airflow_spark_demo,2026-03-13
kill,sword,481,1.7734189369948926E9,2026-03-13T16:27:14.517Z,airflow_spark_demo,2026-03-13
death,sword,297,1.7734189369949207E9,2026-03-13T16:27:14.517Z,airflow_spark_demo,2026-03-13
death,sword,581,1.7734189369949524E9,2026-03-13T16:27:14.517Z,airflow_spark_demo,2026-03-13
death,gold,29,1.773418936994987E9,2026-03-13T16:27:14.517Z,airflow_spark_demo,2026-03-13
loot,gold,305,1.773418936995017E9,2026-03-13T16:27:14.517Z,airflow_spark_demo,2026-03-13
loot,gold,332,1.7734189369950523E9,2026-03-13T16:27:14.517Z,airflow_spark_demo,2026-03-13
loot,sword,849,1.7734189369950922E9,2026-03-13T16:27:14.517Z,airflow_spark_demo,2026-03-13
loot,armor,231,1.7734189369951339E9,2026-03-13T16:27:14.517Z,airflow_spark_demo,2026-03-13
death,sword,309,1.773418936996511E9,2026-03-13T16:27:14.517Z,airflow_spark_demo,2026-03-13
death,gold,297,1.773418936996786E9,2026-03-13T16:27:14.517Z,airflow_spark_demo,2026-03-13
death,sword,388,1.7734189370013366E9,2026-03-13T16:27:14.517Z,airflow_spark_demo,2026-03-13
kill,armor,102,1.7734189370015507E9,2026-03-13T16:27:14.517Z,airflow_spark_demo,2026-03-13
death,gold,822,1.7734189370016189E9,2026-03-13T16:27:14.517Z,airflow_spark_demo,2026-03-13
death,armor,314,1.7734189370016675E9,2026-03-13T16:27:14.517Z,airflow_spark_demo,2026-03-13
kill,gold,779,1.7734189370017254E9,2026-03-13T16:27:14.517Z,airflow_spark_demo,2026-03-13
kill,sword,637,1.7734189370017734E9,2026-03-13T16:27:14.517Z,airflow_spark_demo,2026-03-13
death,armor,811,1.7734189370018163E9,2026-03-13T16:27:14.517Z,airflow_spark_demo,2026-03-13
death,gold,426,1.7734189370018477E9,2026-03-13T16:27:14.517Z,airflow_spark_demo,2026-03-13
loot,gold,992,1.7734189370018768E9,2026-03-13T16:27:14.517Z,airflow_spark_demo,2026-03-13
kill,gold,330,1.7734189370019054E9,2026-03-13T16:27:14.517Z,airflow_spark_demo,2026-03-13
loot,armor,100,1.7734189370019429E9,2026-03-13T16:27:14.517Z,airflow_spark_demo,2026-03-13
loot,sword,390,1.7734189370019727E9,2026-03-13T16:27:14.517Z,airflow_spark_demo,2026-03-13
loot,gold,776,1.7734189370020034E9,2026-03-13T16:27:14.517Z,airflow_spark_demo,2026-03-13
death,gold,930,1.7734189370020473E9,2026-03-13T16:27:14.517Z,airflow_spark_demo,2026-03-13
kill,gold,667,1.7734189370020783E9,2026-03-13T16:27:14.517Z,airflow_spark_demo,2026-03-13
kill,sword,725,1.7734189370021093E9,2026-03-13T16:27:14.517Z,airflow_spark_demo,2026-03-13
death,armor,6,1.773418937002138E9,2026-03-13T16:27:14.517Z,airflow_spark_demo,2026-03-13
kill,sword,629,1.7734189370021663E9,2026-03-13T16:27:14.517Z,airflow_spark_demo,2026-03-13
death,armor,738,1.773418937002195E9,2026-03-13T16:27:14.517Z,airflow_spark_demo,2026-03-13
kill,armor,699,1.7734189370022306E9,2026-03-13T16:27:14.517Z,airflow_spark_demo,2026-03-13
death,gold,913,1.773418937002258E9,2026-03-13T16:27:14.517Z,airflow_spark_demo,2026-03-13
kill,gold,394,1.7734189370022888E9,2026-03-13T16:27:14.517Z,airflow_spark_demo,2026-03-13
death,gold,242,1.7734189370023303E9,2026-03-13T16:27:14.517Z,airflow_spark_demo,2026-03-13
loot,sword,610,1.7734189370023696E9,2026-03-13T16:27:14.517Z,airflow_spark_demo,2026-03-13
loot,gold,711,1.7734189370023978E9,2026-03-13T16:27:14.517Z,airflow_spark_demo,2026-03-13
death,sword,634,1.7734189370024254E9,2026-03-13T16:27:14.517Z,airflow_spark_demo,2026-03-13
loot,gold,85,1.7734189370024533E9,2026-03-13T16:27:14.517Z,airflow_spark_demo,2026-03-13
kill,gold,15,1.7734189370024812E9,2026-03-13T16:27:14.517Z,airflow_spark_demo,2026-03-13
loot,armor,180,1.7734189370025342E9,2026-03-13T16:27:14.517Z,airflow_spark_demo,2026-03-13
loot,armor,785,1.773418937002575E9,2026-03-13T16:27:14.517Z,airflow_spark_demo,2026-03-13
kill,gold,455,1.7734189370026069E9,2026-03-13T16:27:14.517Z,airflow_spark_demo,2026-03-13
loot,sword,867,1.773418937002636E9,2026-03-13T16:27:14.517Z,airflow_spark_demo,2026-03-13
kill,armor,221,1.7734189370026667E9,2026-03-13T16:27:14.517Z,airflow_spark_demo,2026-03-13
kill,gold,326,1.7734189370026968E9,2026-03-13T16:27:14.517Z,airflow_spark_demo,2026-03-13
kill,gold,55,1.7734189370027256E9,2026-03-13T16:27:14.517Z,airflow_spark_demo,2026-03-13
loot,sword,168,1.773418937002755E9,2026-03-13T16:27:14.517Z,airflow_spark_demo,2026-03-13
death,armor,380,1.773418937002783E9,2026-03-13T16:27:14.517Z,airflow_spark_demo,2026-03-13
loot,sword,637,1.773418937002814E9,2026-03-13T16:27:14.517Z,airflow_spark_demo,2026-03-13
kill,gold,788,1.7734189370028505E9,2026-03-13T16:27:14.517Z,airflow_spark_demo,2026-03-13
kill,gold,30,1.77341893700288E9,2026-03-13T16:27:14.517Z,airflow_spark_demo,2026-03-13
death,sword,292,1.773418937002915E9,2026-03-13T16:27:14.517Z,airflow_spark_demo,2026-03-13
loot,armor,547,1.7734189370029485E9,2026-03-13T16:27:14.517Z,airflow_spark_demo,2026-03-13
kill,gold,519,1.7734189370029776E9,2026-03-13T16:27:14.517Z,airflow_spark_demo,2026-03-13
kill,gold,492,1.773418937003009E9,2026-03-13T16:27:14.517Z,airflow_spark_demo,2026-03-13
death,sword,665,1.7734189370030367E9,2026-03-13T16:27:14.517Z,airflow_spark_demo,2026-03-13
loot,gold,724,1.7734189370030646E9,2026-03-13T16:27:14.517Z,airflow_spark_demo,2026-03-13
loot,sword,647,1.7734189370030973E9,2026-03-13T16:27:14.517Z,airflow_spark_demo,2026-03-13
death,gold,548,1.77341893700313E9,2026-03-13T16:27:14.517Z,airflow_spark_demo,2026-03-13
death,gold,598,1.7734189370031586E9,2026-03-13T16:27:14.517Z,airflow_spark_demo,2026-03-13
kill,armor,198,1.7734189370031972E9,2026-03-13T16:27:14.517Z,airflow_spark_demo,2026-03-13
death,sword,66,1.7734189370032258E9,2026-03-13T16:27:14.517Z,airflow_spark_demo,2026-03-13
death,armor,343,1.773418937003254E9,2026-03-13T16:27:14.517Z,airflow_spark_demo,2026-03-13
kill,sword,972,1.7734189370032876E9,2026-03-13T16:27:14.517Z,airflow_spark_demo,2026-03-13
death,gold,483,1.7734189370033429E9,2026-03-13T16:27:14.517Z,airflow_spark_demo,2026-03-13
death,sword,507,1.7734189370033777E9,2026-03-13T16:27:14.517Z,airflow_spark_demo,2026-03-13
death,gold,192,1.773418937003406E9,2026-03-13T16:27:14.517Z,airflow_spark_demo,2026-03-13
death,armor,76,1.7734189370034368E9,2026-03-13T16:27:14.517Z,airflow_spark_demo,2026-03-13
death,armor,757,1.7734189370034645E9,2026-03-13T16:27:14.517Z,airflow_spark_demo,2026-03-13
loot,armor,810,1.7734189370035448E9,2026-03-13T16:27:14.517Z,airflow_spark_demo,2026-03-13
kill,sword,170,1.773418937003606E9,2026-03-13T16:27:14.517Z,airflow_spark_demo,2026-03-13
kill,sword,101,1.7734189370036361E9,2026-03-13T16:27:14.517Z,airflow_spark_demo,2026-03-13
loot,gold,329,1.7734189370036685E9,2026-03-13T16:27:14.517Z,airflow_spark_demo,2026-03-13
death,sword,461,1.7734189370037394E9,2026-03-13T16:27:14.517Z,airflow_spark_demo,2026-03-13
kill,gold,895,1.7734189370038385E9,2026-03-13T16:27:14.517Z,airflow_spark_demo,2026-03-13
death,sword,681,1.7734189370038767E9,2026-03-13T16:27:14.517Z,airflow_spark_demo,2026-03-13
